rainfall_mm,soil_moisture_pct,slope_angle_deg,elevation_m,landslide_occurred
104.41,26.64,19.59,1568.25,0
68.93,52.27,37.23,820.03,1
64.4,44.24,11.09,1508.13,0
64.4,52.81,18.11,342.54,0
189.76,48.54,11.51,1610.27,0
122.64,60.9,41.51,1134.81,1
54.13,54.38,15.02,690.74,0
107.36,43.17,37.28,1363.19,0
88.99,48.85,47.45,1337.0,0
13.8,16.24,28.75,537.55,0
34.71,61.07,29.3,206.24,0
93.2,55.77,25.75,952.2,0
179.18,72.94,19.67,1203.6,1
64.79,44.71,26.4,1771.72,0
51.1,52.85,32.13,1867.2,0
81.69,58.59,49.37,1128.29,1
48.91,54.49,47.2,1544.54,1
61.78,62.56,43.8,962.71,0
75.14,32.06,45.01,1530.25,0
33.35,22.55,26.05,528.88,0
126.59,64.84,34.58,836.47,0
28.72,49.42,45.28,1323.32,0
25.92,39.61,22.68,183.59,0
86.43,38.81,48.28,1486.55,0
120.59,49.83,23.71,1695.74,0
85.01,36.21,32.05,888.41,0
70.03,42.99,36.94,978.69,0
61.35,54.9,47.78,1724.87,0
54.49,66.67,16.01,1584.96,0
144.37,46.09,38.58,683.08,0
93.79,49.76,28.44,749.36,0
57.67,31.17,17.09,1405.92,0
46.03,24.07,39.95,1191.92,0
111.91,63.35,29.85,450.12,1
142.32,72.72,34.74,723.37,1
134.64,41.66,19.53,1814.97,0
40.29,52.54,26.66,1423.12,0
60.99,64.33,32.78,1974.05,0
53.73,61.02,23.22,1568.97,1
66.66,33.37,13.93,1892.65,0
125.87,73.87,48.27,549.95,1
169.36,48.77,28.02,1577.25,0
96.03,38.67,38.03,187.4,0
47.22,17.21,23.5,1390.91,0
74.0,54.26,20.98,1018.17,0
188.38,41.5,23.32,791.51,0
80.41,34.25,23.41,1745.45,0
61.45,31.64,29.49,1730.4,0
65.07,73.51,29.46,191.26,0
95.76,59.97,27.37,1277.58,0
41.34,31.19,11.07,830.49,0
52.81,61.76,27.32,918.97,0
133.45,71.83,12.61,1689.28,0
94.06,64.95,10.68,723.2,0
80.95,39.89,46.97,1894.64,0
137.48,64.31,32.22,482.32,0
45.11,57.4,34.68,1376.04,1
60.17,51.31,23.08,1393.39,0
92.13,41.99,45.9,616.56,0
90.09,58.16,33.71,750.79,1
23.79,39.79,39.61,1694.38,0
56.16,50.41,21.59,1559.34,0
67.82,29.05,48.2,758.83,0
98.61,44.5,41.92,1137.82,0
89.89,60.87,43.43,264.11,1
72.06,57.79,12.75,536.18,0
13.71,26.5,17.19,1048.77,0
74.48,69.64,17.85,309.05,0
78.98,43.68,17.19,1710.16,0
286.69,77.5,43.49,1478.31,1
66.35,53.42,6.43,1895.72,0
92.45,54.31,8.42,1432.91,0
151.26,78.94,17.33,1889.74,0
121.54,45.09,13.99,1175.85,0
173.49,68.63,15.43,1260.4,1
24.11,20.99,40.91,1957.4,0
35.39,48.44,30.34,1337.94,0
50.24,46.72,5.26,206.96,0
20.71,43.78,24.32,1489.04,0
79.42,29.76,23.35,1825.12,0
37.64,56.53,10.13,1621.82,0
186.99,40.28,35.43,1230.09,0
42.22,14.1,36.59,1391.91,0
60.42,64.3,37.44,1981.85,1
125.94,57.05,37.78,317.72,1
28.45,52.57,5.0,1384.4,0
19.51,35.84,47.93,674.29,1
85.75,34.46,41.64,1334.17,1
90.03,68.88,45.68,1274.1,1
123.66,49.74,5.7,433.9,0
106.03,41.09,47.02,532.48,0
92.19,55.21,41.44,1300.01,1
45.92,36.57,42.67,387.23,0
88.44,55.92,9.2,640.58,0
91.96,52.7,38.25,1695.2,1
44.66,70.34,48.2,755.12,1
218.29,71.28,35.53,1052.91,1
102.96,62.18,30.68,1891.11,0
35.89,21.8,47.55,570.23,0
124.04,70.84,24.93,870.81,1
137.08,53.51,31.97,1271.95,1
99.15,51.38,26.44,1547.38,1
63.88,34.76,46.98,1818.06,0
43.25,59.91,8.42,1843.63,0
71.93,52.66,27.55,1586.78,0
94.8,34.2,35.91,572.41,1
76.51,47.23,40.64,195.9,0
178.07,78.24,31.24,859.98,1
112.85,38.11,45.9,411.87,1
39.69,64.88,47.39,1464.22,0
32.96,43.24,7.89,1373.09,0
103.5,62.06,23.11,231.35,1
64.89,31.57,6.06,1697.7,0
118.89,44.33,19.82,610.18,0
102.92,77.02,29.16,949.62,1
72.14,38.95,45.99,1385.68,0
40.04,46.99,43.09,944.42,1
21.5,30.56,10.74,966.38,0
87.41,37.87,9.19,271.41,0
28.06,17.84,31.52,892.67,1
38.8,44.32,28.95,1564.97,0
84.03,72.31,16.99,1843.08,0
78.87,44.11,45.48,914.97,0
30.88,36.0,46.73,933.63,0
146.43,46.18,23.12,1449.86,0
144.11,53.33,45.06,1894.13,1
105.58,51.19,22.28,644.06,0
105.5,69.42,38.16,964.27,1
105.58,48.53,26.42,1622.55,0
136.36,58.84,10.52,1277.93,0
114.59,33.68,46.76,354.58,1
42.58,59.83,25.43,1311.31,0
64.28,29.8,38.05,495.48,0
268.51,44.09,21.52,1093.9,1
14.58,45.15,5.85,1128.84,0
54.03,54.13,9.52,1770.98,0
146.91,46.45,27.33,1005.61,1
44.63,40.04,36.05,666.97,1
116.51,60.36,20.06,577.29,0
78.21,31.44,36.3,1767.37,0
46.97,49.73,36.44,466.37,0
12.03,44.47,36.68,937.86,0
85.85,42.7,27.16,496.27,0
41.89,43.1,46.17,1580.61,0
70.07,35.67,27.01,1027.59,0
104.94,54.85,25.26,799.62,0
129.75,58.33,13.97,818.03,0
53.9,36.65,18.84,1726.6,0
46.91,48.18,6.91,1174.48,0
27.66,62.92,33.51,1478.06,0
133.63,47.27,16.18,1809.52,0
246.12,85.65,18.69,1818.22,0
142.43,49.18,39.69,757.74,0
161.62,27.2,19.72,1912.03,0
44.91,26.63,15.9,196.02,0
101.07,44.12,12.61,847.15,0
123.15,40.24,39.87,1807.23,0
1.43,21.14,10.84,658.08,0
34.35,56.24,25.42,655.2,0
194.85,72.75,27.81,709.85,1
23.44,48.52,35.93,1282.78,0
176.96,38.77,33.5,960.92,1
23.31,21.34,41.48,1494.46,0
35.67,25.97,7.01,1805.58,0
102.22,53.99,18.34,1397.27,0
79.49,68.02,17.61,528.26,0
57.66,32.45,11.57,1875.46,0
190.4,39.31,18.01,639.31,1
28.27,39.64,18.94,427.3,0
68.28,46.88,28.48,316.44,0
110.36,43.11,34.87,1192.26,0
91.25,42.38,22.15,360.46,0
48.06,42.84,37.38,406.74,0
49.34,25.79,20.13,705.06,0
128.57,34.36,18.06,671.06,0
132.26,76.74,29.35,1267.84,1
92.79,36.92,6.07,1660.98,0
40.64,27.88,8.59,1558.5,0
50.48,26.62,23.81,635.6,0
74.76,29.77,47.43,603.82,0
82.04,33.85,37.47,1936.71,0
107.66,58.89,8.97,165.24,0
65.89,28.85,43.08,1777.48,0
126.8,48.11,37.95,519.5,1
125.94,59.56,32.49,1902.48,1
164.93,57.32,41.91,783.27,1
76.92,62.87,23.18,964.65,0
93.79,60.05,14.97,1458.17,0
69.32,22.42,28.04,1237.19,0
41.01,47.21,29.7,738.19,0
242.78,70.29,29.22,1174.59,1
152.51,75.41,30.43,1501.81,0
124.37,48.51,47.69,228.32,1
75.2,75.95,45.6,170.72,1
38.36,47.13,44.41,997.42,1
137.98,36.33,41.06,393.9,1
68.51,41.58,47.45,1379.04,0
99.16,70.64,9.43,546.0,0
50.34,61.5,16.93,950.77,0
89.17,33.27,27.28,515.69,0
52.6,65.66,43.09,1164.69,1
54.06,25.48,27.73,364.7,0
88.43,28.46,38.66,192.75,0
23.02,33.0,11.25,244.59,0
23.98,25.37,16.36,1915.38,0
44.52,53.84,37.93,413.23,1
65.36,33.11,12.41,1460.68,0
129.16,75.42,20.81,275.66,0
67.89,27.0,16.92,350.1,0
74.88,37.53,20.74,1091.42,0
61.91,39.68,36.87,1010.01,0
93.7,28.66,21.55,1910.42,0
40.7,16.07,29.99,1897.95,0
70.37,20.57,9.5,1592.28,0
98.47,47.76,41.23,1263.89,0
87.97,38.97,21.64,991.68,0
76.48,43.04,34.18,808.93,1
77.1,41.52,37.64,1902.11,0
104.49,59.3,14.43,1265.38,0
249.64,88.28,44.81,1221.28,1
42.77,43.27,32.73,579.02,0
253.84,62.53,24.29,236.39,0
41.35,15.07,13.21,1898.6,0
10.6,60.67,47.4,730.41,0
51.84,17.7,38.98,968.79,0
94.84,37.25,14.36,362.08,0
219.37,56.16,20.2,1698.31,0
38.33,34.25,41.44,201.12,1
104.1,30.03,36.31,1692.88,0
26.13,53.26,39.46,409.53,0
214.73,37.4,24.85,1790.14,0
154.27,66.95,37.24,1500.08,1
54.14,25.73,22.39,454.64,0
169.15,43.1,14.51,1196.76,0
70.08,61.3,33.47,728.41,1
159.15,39.13,48.92,479.73,1
76.1,56.83,18.98,1739.49,0
78.28,52.84,25.74,896.52,0
54.93,21.23,35.33,887.31,0
112.66,74.09,29.37,464.29,0
82.2,33.6,42.95,858.67,0
105.54,55.87,39.28,1762.49,1
21.08,22.15,7.62,821.79,0
162.54,66.11,49.93,1910.47,1
187.1,37.15,38.86,1900.67,1
81.95,41.44,43.88,418.06,0
239.25,81.6,34.3,478.03,1
206.98,80.26,43.53,1745.95,1
114.18,68.08,10.06,876.61,1
170.45,74.64,20.65,158.09,0
144.48,76.3,44.44,656.66,1
16.52,25.75,14.07,1255.61,0
62.78,31.11,8.52,1628.64,0
119.13,32.75,40.47,396.77,1
194.49,50.76,42.6,354.5,0
24.64,32.43,12.32,1855.87,1
17.58,42.05,43.45,1539.62,1
73.01,28.81,35.9,1241.09,0
11.41,50.85,28.4,1573.0,0
71.33,27.63,42.36,943.38,0
96.33,39.69,23.87,1553.14,0
36.99,47.8,13.73,837.84,0
72.65,60.85,17.82,601.57,0
136.45,63.57,27.73,1498.67,1
51.66,46.94,28.91,926.39,0
41.88,23.63,41.25,1965.55,1
70.45,43.42,40.61,796.55,1
34.03,20.12,31.16,1855.2,0
228.77,61.9,40.14,1875.98,1
77.66,41.37,13.63,597.43,0
45.19,15.21,7.25,1626.71,0
87.4,46.16,44.31,951.19,1
70.19,67.63,8.4,1847.42,0
65.01,58.31,16.1,982.73,0
51.65,34.55,36.29,1526.96,1
49.87,23.19,23.43,1013.89,1
21.49,34.04,44.43,571.43,0
170.3,46.57,18.41,518.8,0
109.58,75.05,5.53,937.05,0
93.03,38.98,18.53,1547.67,0
69.43,54.15,31.01,1269.38,0
36.49,22.67,21.92,1423.96,0
43.16,58.91,29.07,672.3,0
23.63,33.86,44.45,1040.66,0
47.16,55.09,46.06,232.13,0
32.65,37.45,16.97,1662.43,0
200.19,71.57,25.8,1981.3,1
130.93,34.86,29.71,902.73,0
79.89,20.86,47.71,170.28,0
39.55,61.63,49.94,464.12,0
33.97,61.64,15.59,1357.17,0
66.44,63.78,37.71,1282.35,1
134.26,56.85,22.01,1607.55,0
24.19,54.76,5.36,619.69,0
108.69,38.11,5.42,1562.72,0
47.01,37.35,25.73,1422.77,0
53.4,33.35,26.98,747.21,0
78.36,50.06,6.02,1159.15,0
40.57,34.81,35.91,422.46,1
64.18,37.2,18.23,987.24,0
38.03,45.27,30.2,1780.22,0
49.83,57.24,18.54,929.2,0
121.79,43.7,12.52,1703.2,0
81.07,35.71,23.32,1241.97,0
121.5,47.54,15.45,504.97,0
46.56,33.26,29.07,1225.05,0
109.19,41.39,13.95,1086.07,0
19.09,46.29,27.88,887.49,0
78.34,39.07,12.08,371.32,0
113.72,63.05,35.19,920.91,1
18.4,34.09,38.93,284.61,0
46.96,59.59,9.97,332.72,0
78.3,29.58,26.05,919.45,1
140.39,50.23,8.19,714.96,0
49.83,54.68,31.92,1862.26,0
106.53,40.39,16.9,845.06,1
176.98,38.28,28.74,1552.04,1
109.62,77.71,28.29,1130.96,1
65.85,40.11,46.6,1452.56,1
96.61,50.44,29.71,631.21,0
48.78,21.07,31.23,1892.52,0
80.38,51.98,23.07,1130.66,0
68.09,26.03,47.71,1687.95,1
94.59,36.32,39.97,825.33,1
56.53,52.42,17.84,335.39,0
98.02,39.7,42.99,1396.37,1
56.15,39.65,24.46,164.36,0
130.15,26.59,42.29,1029.29,0
60.25,26.09,42.03,506.68,0
11.84,33.97,13.5,1310.64,0
34.85,17.77,36.55,1961.93,0
76.79,52.1,18.08,1009.15,0
199.14,36.9,18.39,1662.37,0
127.09,50.59,18.34,1089.4,1
9.44,22.3,37.65,1067.3,0
22.32,35.04,15.34,1871.28,0
151.34,77.16,5.04,1796.44,1
113.33,36.52,37.19,1603.73,0
263.28,94.53,12.7,698.07,0
54.54,22.9,9.7,1158.27,0
39.94,55.46,15.69,564.21,0
79.58,51.83,22.1,971.25,0
53.79,54.75,26.42,1045.79,0
142.83,48.74,7.01,1688.53,1
52.48,41.32,48.68,1807.65,0
62.76,27.66,37.22,917.05,0
35.76,30.33,19.54,182.75,0
121.9,67.1,19.34,1744.28,0
37.56,29.76,25.18,472.42,0
99.19,40.02,33.18,1300.48,0
219.44,79.86,11.59,196.2,1
16.15,32.16,13.5,889.09,0
181.97,77.74,43.67,1974.03,1
91.19,58.08,16.53,336.28,0
31.37,51.93,22.11,933.83,0
81.61,60.22,44.21,718.23,0
119.71,37.49,34.84,1824.41,1
41.96,32.42,20.38,1758.28,0
102.81,46.87,35.77,589.74,1
191.09,59.56,5.89,300.2,0
52.43,49.19,38.1,1310.21,0
35.42,58.64,26.92,772.28,0
69.54,35.85,41.59,1393.36,0
78.74,44.16,47.96,209.42,0
147.33,83.55,46.66,396.79,1
67.98,51.14,45.92,1419.79,1
55.9,49.52,28.05,542.89,0
34.73,33.81,21.21,1736.54,0
18.54,56.22,25.93,258.39,0
26.9,35.32,36.05,548.64,0
26.77,62.54,44.78,1997.34,0
63.23,61.1,14.31,951.19,0
21.76,30.41,46.32,1450.49,0
73.07,49.51,41.68,487.93,0
216.54,73.06,49.05,1278.26,1
149.94,50.52,44.61,1493.3,1
62.81,57.04,17.6,731.78,0
300.68,94.9,9.77,1683.46,1
78.93,51.75,10.05,1266.32,0
86.5,51.0,18.11,869.88,0
68.64,59.45,32.64,1181.64,0
74.16,66.75,41.19,1217.01,0
51.14,38.48,45.47,456.24,0
63.44,28.43,33.07,895.05,1
182.7,48.74,5.25,785.35,0
159.85,63.46,13.38,891.67,0
11.32,33.44,9.49,1558.05,0
23.98,55.18,21.35,1042.7,0
42.41,36.07,27.56,1889.58,0
134.97,62.44,6.95,693.3,0
162.02,47.34,20.68,919.05,0
119.42,65.83,13.06,1605.87,0
31.27,44.5,34.12,1160.15,0
51.89,25.12,25.89,1162.0,0
103.94,40.0,27.29,248.68,1
64.11,53.35,24.25,887.41,0
58.12,41.64,48.02,650.86,0
58.72,29.56,14.66,1998.77,0
152.61,71.07,28.25,720.46,1
110.68,50.04,38.12,1786.32,1
60.98,61.7,30.06,1401.03,0
93.91,45.92,46.81,780.7,0
27.91,32.83,22.01,1155.54,0
51.97,61.43,25.87,1704.99,1
143.73,64.56,8.98,1784.23,0
20.59,54.3,32.4,446.73,0
111.53,47.31,17.97,778.21,0
11.2,38.34,12.21,770.16,0
201.11,49.38,29.5,227.78,1
51.08,26.49,28.95,1256.74,1
98.31,23.06,8.41,1731.42,0
81.87,12.43,36.42,855.91,0
83.84,74.49,33.07,1519.07,0
92.82,44.22,13.51,1311.25,0
17.44,44.08,26.12,844.95,0
84.98,61.2,37.41,410.96,1
66.74,43.64,28.82,1462.25,0
51.29,29.67,22.8,1730.95,0
42.39,58.23,19.51,1418.83,0
86.38,43.17,32.47,183.08,0
35.77,54.04,47.26,550.03,0
142.17,64.5,35.23,278.54,1
102.88,71.22,8.36,1205.21,0
89.8,53.37,25.73,1549.48,1
138.56,45.27,45.09,354.57,1
15.04,45.38,9.25,1700.92,0
27.17,20.12,49.5,1177.69,0
105.75,72.32,47.71,1426.44,1
44.25,27.52,8.52,1947.09,0
48.49,36.4,47.0,304.81,0
24.0,48.1,21.34,1817.26,0
35.85,44.08,43.01,383.29,0
144.1,53.68,23.83,876.97,0
104.19,48.4,24.84,1725.16,0
85.76,66.55,33.54,1826.57,1
49.88,44.83,39.85,1086.79,0
82.29,68.73,6.52,1249.09,0
151.79,36.78,31.69,1460.07,0
45.07,52.55,13.4,1690.6,0
74.05,48.83,20.57,374.8,0
208.54,46.17,20.66,1648.63,0
118.45,46.27,26.11,1040.36,1
50.39,30.16,20.04,983.65,0
112.59,58.9,9.83,934.21,0
20.29,39.81,11.55,1092.04,0
72.06,42.93,6.5,1898.34,0
112.51,32.0,26.16,1164.18,1
97.16,38.02,47.95,1913.38,0
111.84,38.23,10.21,483.54,0
127.42,43.57,47.58,1489.65,1
102.03,53.49,38.0,1652.64,1
100.19,69.82,33.69,1406.39,1
87.04,50.91,34.04,1272.81,1
32.66,40.16,42.2,1194.9,0
144.06,70.65,9.81,1742.72,0
73.81,60.13,27.71,1670.05,0
116.64,70.94,36.37,376.23,1
135.17,55.68,31.41,1719.89,1
52.23,28.71,42.48,916.03,0
55.58,27.26,8.25,619.34,0
60.99,65.07,36.08,1759.07,1
160.67,33.78,29.03,949.25,1
38.45,31.32,22.06,1645.47,0
177.47,60.4,20.31,637.3,0
86.42,54.21,32.94,157.27,0
90.44,49.56,45.09,1066.6,0
131.52,23.35,27.33,335.42,1
80.15,48.04,42.11,1545.6,1
145.04,63.15,23.1,660.74,0
52.18,55.89,9.61,970.74,0
174.08,64.6,7.77,311.01,1
55.12,70.66,7.31,680.32,0
178.06,76.89,22.11,1595.76,1
56.18,52.74,20.18,430.44,0
62.22,29.87,37.31,1347.25,0
34.97,49.41,38.43,1847.24,0
42.76,47.28,7.29,1407.7,0
74.06,56.22,14.95,1650.39,0
88.55,42.78,17.34,351.6,0
138.69,50.61,29.64,613.85,0
65.33,42.57,11.5,1804.9,0
31.45,41.74,11.03,1472.95,0
97.29,41.9,47.47,1333.17,0
84.74,57.56,41.19,1377.97,0
104.14,34.99,13.13,916.27,1
47.49,19.64,23.3,232.43,0
51.63,40.57,21.0,1601.22,0
47.51,42.66,40.6,1405.62,0
155.06,49.98,27.96,1024.69,0
175.08,40.28,10.75,1814.56,0
50.07,49.31,38.25,771.9,1
50.79,40.0,22.86,694.5,0
113.34,61.28,16.83,1764.67,0
186.76,84.53,21.9,1624.43,1
211.08,74.22,27.4,1102.71,1
48.44,35.52,20.44,391.86,0
57.56,51.54,15.89,547.88,0
91.53,41.23,22.93,1364.02,1
94.4,40.56,5.86,862.33,0
67.08,37.9,39.76,1697.48,0
41.69,62.09,12.69,1907.42,0
74.14,30.74,6.98,1640.43,0
210.95,65.78,34.42,848.46,0
52.17,51.8,39.83,1609.07,0
87.96,42.12,41.62,800.17,0
294.72,50.82,27.21,459.14,1
51.64,59.63,14.24,211.78,0
116.67,51.88,38.18,863.58,1
216.31,64.54,36.49,1821.58,1
110.51,30.81,16.08,592.13,0
148.49,60.0,45.65,532.05,1
126.44,46.27,9.7,1944.17,0
105.08,24.04,49.22,196.26,0
171.65,38.55,43.71,1603.7,1
114.4,66.1,35.96,744.53,1
67.55,24.78,47.24,219.35,0
83.65,34.99,37.5,1847.93,0
96.46,43.51,13.57,408.34,0
57.32,64.7,24.9,1170.79,0
86.11,30.25,8.22,657.0,0
78.25,47.9,22.53,270.61,0
114.19,29.69,38.37,242.36,1
250.79,44.78,22.39,363.78,0
89.42,30.66,19.86,282.03,0
189.59,74.08,31.79,1557.03,1
111.66,31.98,44.25,1048.3,0
85.86,27.14,7.14,784.35,0
55.08,37.98,22.35,923.98,1
86.28,61.12,12.12,1868.55,0
82.89,25.85,36.29,1834.89,0
45.18,44.01,9.76,1474.0,0
50.53,24.07,34.92,1786.66,0
96.97,42.42,17.88,741.35,0
188.46,72.02,13.95,855.05,1
72.5,49.41,47.14,1285.37,1
23.02,27.41,5.83,1303.71,0
9.6,34.58,24.7,1041.14,0
34.45,25.73,5.97,891.22,0
118.49,47.02,26.76,1974.43,0
27.15,20.45,27.55,1669.08,0
130.25,66.63,19.47,954.71,0
114.51,70.26,10.95,1495.49,0
70.84,69.53,21.94,648.69,0
45.48,49.6,35.25,335.31,0
64.07,47.19,40.21,802.0,0
95.46,66.06,28.88,895.5,1
27.9,27.19,31.54,180.59,0
177.18,60.61,14.03,1657.37,0
94.9,44.11,17.93,814.51,0
101.88,42.26,12.29,1223.77,0
114.0,51.09,16.22,286.83,0
166.99,45.62,15.12,473.74,0
86.42,39.87,28.38,1795.93,0
118.54,69.89,30.32,1276.07,1
46.05,22.07,47.52,1908.03,0
211.6,61.25,13.8,1997.69,0
82.63,70.63,33.88,837.94,0
45.88,46.76,41.78,702.79,0
55.09,43.01,30.21,1737.96,0
14.2,26.46,16.48,1997.43,0
54.84,39.61,16.81,1314.84,0
6.96,61.2,6.77,1621.01,0
123.95,51.19,18.74,1596.23,0
99.93,50.08,38.51,807.38,1
36.13,25.3,7.14,1212.4,0
73.4,19.15,14.87,1691.16,0
75.65,67.11,36.78,1423.01,1
30.44,28.12,40.22,189.15,0
65.01,40.73,25.49,772.91,0
77.23,29.25,36.41,417.28,0
63.8,51.11,22.46,581.0,0
45.85,63.22,12.2,1825.16,0
35.05,44.82,22.92,218.25,0
62.25,22.91,31.1,556.63,0
50.05,46.67,47.66,722.7,0
109.32,55.81,8.09,1291.24,0
173.18,60.04,27.83,1138.09,1
134.14,63.14,19.8,553.8,0
78.95,52.23,27.87,453.85,1
47.15,55.64,6.08,588.08,0
131.93,60.99,19.09,1079.68,1
113.49,32.22,41.89,651.68,1
165.96,45.31,29.93,1903.06,1
86.48,38.23,25.28,1008.15,0
205.03,79.48,17.85,258.77,0
86.49,61.69,18.41,1499.14,1
46.98,45.9,22.24,758.36,0
53.54,27.64,42.6,1358.95,0
106.08,35.94,48.52,667.25,1
49.95,53.15,24.74,1205.88,0
204.19,62.81,22.7,1578.48,1
100.61,36.26,43.09,1866.82,0
77.81,52.67,24.21,633.09,0
82.19,18.09,29.84,769.49,0
63.33,46.36,15.39,1008.89,0
18.26,37.35,38.46,1865.27,0
53.56,31.27,28.94,1817.57,0
189.26,76.76,41.41,316.27,1
87.99,36.01,40.13,394.07,1
143.58,30.76,14.68,1066.69,0
146.09,43.11,37.2,347.25,1
73.87,56.27,41.0,789.32,0
114.65,47.4,20.57,424.51,0
20.16,46.24,12.77,1326.67,0
180.17,30.37,5.12,1906.57,0
171.47,32.72,25.29,1993.96,0
104.24,49.26,20.86,844.2,1
90.07,72.53,29.97,1258.17,1
74.52,62.66,13.46,1734.1,0
153.72,39.43,43.68,367.3,0
122.94,52.74,16.6,1425.69,0
58.65,72.51,15.19,906.36,0
31.54,27.33,26.63,531.37,0
26.78,55.86,27.45,895.09,0
152.74,30.34,14.68,290.53,0
73.44,52.95,17.23,1436.5,0
103.16,62.09,12.64,617.57,0
79.86,67.18,37.33,726.1,0
27.08,47.12,39.65,374.0,0
20.59,33.17,25.8,1749.62,0
55.85,79.09,37.13,1062.87,0
59.25,32.88,38.12,1208.47,0
59.23,39.27,11.22,1203.45,0
60.44,50.2,48.48,909.41,1
241.03,78.46,41.95,506.18,1
142.26,71.89,14.2,1528.5,1
88.81,32.31,13.38,385.05,0
72.2,68.26,10.65,342.17,0
73.93,62.57,11.23,1463.77,0
120.19,32.29,38.67,536.35,0
71.75,29.1,26.13,717.53,1
133.51,41.18,40.23,1029.17,1
95.12,53.09,38.58,981.3,1
242.33,85.77,32.21,1460.87,1
68.87,57.31,35.89,1303.35,1
148.45,71.47,5.83,1342.13,1
33.88,63.92,19.03,1471.0,0
48.02,33.25,33.7,691.33,0
223.36,64.43,5.42,746.32,0
130.07,52.84,6.48,960.3,0
104.34,61.98,43.33,718.81,1
279.27,55.93,35.78,1972.14,1
72.9,59.73,16.94,1656.0,0
148.24,40.46,35.96,454.61,0
154.9,47.55,40.66,160.35,1
194.95,72.65,18.81,229.15,1
30.78,30.66,6.62,601.52,0
72.58,56.65,46.98,361.44,0
94.06,42.77,20.53,1136.68,0
193.05,62.1,9.79,1737.29,0
101.68,36.35,27.13,1512.99,0
155.1,35.53,39.58,548.88,0
28.54,32.56,14.97,888.7,0
61.51,50.18,17.13,1089.6,0
171.08,40.93,15.92,1648.88,0
67.26,38.05,49.63,1702.37,1
76.64,36.24,13.88,1832.98,0
191.21,43.54,30.9,1092.1,1
40.03,46.75,46.64,1434.41,0
47.45,58.12,11.61,356.83,0
26.05,15.28,48.69,1195.78,0
195.78,71.5,47.64,610.08,1
140.66,54.85,44.81,948.68,1
138.49,46.74,14.66,1322.99,0
60.3,55.23,33.53,625.42,0
24.41,30.29,39.24,246.54,0
18.73,32.38,49.37,168.93,0
171.84,24.35,13.12,191.0,0
108.75,62.16,39.47,165.45,1
122.04,55.98,20.25,354.16,0
91.26,41.79,12.9,593.05,0
43.24,31.54,23.96,559.26,0
62.27,61.57,40.72,1975.57,1
35.45,35.16,25.92,716.11,0
32.0,42.46,29.19,385.73,0
133.66,68.87,49.78,1159.29,1
20.29,52.66,22.96,1737.22,0
35.64,40.37,32.69,1404.41,0
64.84,51.4,21.44,697.75,1
81.39,54.21,22.68,1188.99,0
25.78,27.39,36.3,1472.48,0
100.86,45.32,47.2,1496.99,0
87.96,40.92,29.41,1383.1,0
170.06,74.78,39.58,1761.0,1
82.31,62.0,9.01,1759.7,0
107.41,37.16,14.5,1221.03,0
45.11,57.31,27.6,945.23,0
46.55,32.98,5.9,1336.91,0
28.11,18.47,16.38,1663.69,0
45.44,41.93,28.28,160.46,0
61.63,37.53,5.67,1985.19,0
159.99,69.29,16.9,488.35,1
40.43,25.53,28.13,1019.96,0
248.73,78.68,30.79,1763.26,1
113.4,49.88,46.66,566.32,1
99.21,29.84,34.04,1032.07,0
78.11,69.46,23.66,395.28,1
68.51,41.34,46.87,880.89,1
50.59,40.23,40.32,477.7,1
24.89,34.07,14.0,822.71,0
41.51,50.26,10.89,840.91,0
195.5,52.97,35.41,1987.37,1
109.09,32.05,30.19,1990.4,1
194.46,44.64,40.54,362.35,0
49.64,22.06,38.25,1493.04,0
34.65,61.02,33.13,245.73,0
77.6,48.45,49.39,205.86,0
42.68,22.61,29.01,344.87,0
88.53,25.2,10.09,1936.15,0
20.6,40.69,42.27,1890.6,0
12.51,55.04,16.33,508.77,0
96.78,37.33,39.98,449.09,0
198.76,70.85,48.07,594.99,1
99.53,46.46,36.36,1103.76,0
108.39,34.31,31.82,1203.95,0
79.82,67.8,25.72,559.95,0
84.9,38.42,21.4,1549.75,0
23.83,42.06,20.89,722.67,0
43.9,66.54,33.64,1855.94,0
159.0,40.46,38.81,1364.94,0
60.67,18.43,35.53,957.25,1
157.07,70.78,13.93,1611.34,0
83.37,37.4,27.23,1663.14,0
86.16,38.6,40.62,687.39,0
61.0,23.39,26.41,778.47,0
118.48,16.91,29.15,1881.52,0
136.57,64.7,39.7,454.77,0
42.12,31.16,34.76,227.98,0
25.85,34.53,23.42,990.0,0
15.12,42.05,45.29,1632.24,0
105.13,45.41,12.32,1577.59,0
97.67,12.88,49.8,1851.13,1
290.42,91.81,10.35,1136.42,0
80.13,20.12,5.67,335.12,0
70.85,59.91,45.05,1239.07,1
90.46,65.1,16.02,1590.03,0
93.64,51.47,37.84,322.66,0
67.17,48.81,41.5,469.42,1
43.18,40.22,43.65,172.74,0
77.29,36.88,49.62,1248.26,0
75.36,67.54,18.23,1790.46,0
74.55,54.38,36.96,1390.73,0
126.25,47.77,10.19,1966.77,0
76.37,45.91,23.31,266.61,0
26.34,65.98,43.16,1820.55,1
48.57,64.65,21.54,1656.03,0
66.6,48.74,31.6,731.35,0
78.79,44.79,27.67,1951.02,0
106.53,30.95,34.07,682.68,0
79.2,62.9,48.78,1795.21,1
12.8,26.25,7.51,1779.38,0
29.03,45.24,30.83,1551.67,0
111.13,46.32,43.84,1192.42,0
65.36,37.04,26.66,372.01,0
83.75,37.96,8.53,1134.15,0
59.76,62.79,30.22,810.07,1
48.42,23.52,19.94,1615.6,0
61.29,36.47,11.97,1552.54,0
84.41,36.73,43.21,1834.63,0
75.99,32.85,28.47,177.44,0
136.03,56.46,47.0,1646.84,1
22.17,32.6,41.27,1886.15,1
24.96,35.72,36.18,1610.21,0
64.83,47.81,5.23,390.86,0
107.29,24.57,24.25,300.37,0
122.05,46.45,13.89,188.56,0
49.84,64.2,45.99,1313.18,1
5.35,50.4,12.86,1314.89,0
51.03,38.37,17.87,1975.79,0
97.86,56.04,28.26,886.38,0
75.05,61.5,16.85,764.03,0
109.76,33.65,14.44,1305.19,0
155.69,60.94,31.96,1677.38,1
67.96,57.97,9.0,1883.03,0
55.21,26.1,7.62,1635.78,0
38.77,26.82,21.75,939.35,0
24.84,57.49,37.43,1324.59,0
19.38,45.45,29.97,1734.15,1
46.32,23.59,24.03,1057.63,0
143.01,47.23,30.46,550.87,1
116.4,47.93,21.45,463.99,0
53.37,55.29,47.13,150.29,0
250.11,74.35,7.47,1478.74,0
48.71,75.63,35.3,355.53,1
164.61,42.69,45.11,601.1,1
188.08,71.24,41.17,701.07,1
102.08,50.84,13.28,1186.7,0
46.0,31.63,18.32,886.22,0
58.53,36.14,37.27,1398.15,0
85.75,69.42,8.79,252.93,0
25.45,60.56,41.53,379.29,0
35.98,47.66,37.35,1073.54,1
33.67,47.68,37.83,773.38,0
106.98,34.49,9.51,697.25,0
154.79,62.04,37.3,274.0,1
119.23,59.9,35.59,1807.08,0
139.59,57.57,42.39,1429.86,1
43.14,53.72,6.87,374.99,0
60.39,51.65,6.04,270.34,0
63.63,35.77,21.79,1953.51,0
101.83,69.65,11.7,1410.17,0
47.28,31.19,30.13,922.29,0
134.38,48.86,46.28,1448.2,1
184.98,54.19,22.62,1549.21,0
105.12,41.45,43.02,1592.93,1
58.54,64.99,5.01,1034.07,0
40.29,51.35,12.58,945.28,0
33.74,56.55,6.37,170.4,0
12.94,50.37,19.77,1864.13,0
65.0,34.98,45.87,1266.12,0
62.45,54.6,9.36,525.83,0
129.36,40.71,32.29,1851.27,1
49.59,32.94,25.32,1842.62,0
67.55,43.45,47.23,1979.99,1
91.34,39.87,10.51,1767.0,0
104.04,28.83,14.54,1995.9,0
120.34,52.94,6.33,602.67,1
85.55,50.37,24.53,1708.16,0
26.72,42.42,17.5,1672.6,0
98.34,70.61,44.15,577.24,0
46.98,51.84,32.22,332.11,0
159.19,65.96,32.63,1961.93,1
76.93,32.41,28.94,697.65,0
88.93,44.93,9.13,1761.15,0
304.35,83.27,25.03,157.64,0
121.64,51.99,49.98,188.9,0
97.21,53.71,42.59,1011.86,1
68.92,36.88,45.21,591.62,0
28.63,21.36,42.05,1426.21,0
65.57,47.28,9.64,1196.29,0
39.91,35.71,15.24,293.35,0
198.5,68.78,5.14,450.86,1
98.04,42.88,18.66,867.89,0
155.7,72.11,9.89,493.37,0
48.56,63.37,26.28,1615.61,0
42.16,33.19,35.47,919.73,0
114.37,44.73,44.35,322.85,1
38.68,65.19,38.71,1046.03,1
55.46,67.23,47.24,318.05,0
204.13,53.98,7.43,388.53,0
57.05,46.86,5.55,593.28,0
23.72,42.36,34.76,1740.13,0
16.48,47.1,18.02,1860.53,0
21.26,34.56,16.41,1678.58,0
161.25,67.82,19.89,768.04,0
50.81,25.13,17.14,654.03,0
298.72,63.82,28.01,1165.94,1
186.25,52.29,24.81,1485.43,1
233.25,55.97,28.06,1987.74,1
141.77,45.99,35.27,393.41,1
110.64,55.1,22.42,241.19,1
41.01,26.59,16.31,1434.56,0
75.66,22.47,12.48,1689.62,0
117.67,39.44,20.73,1715.75,0
136.46,66.3,38.38,1405.16,1
30.91,34.91,39.05,1914.93,0
66.29,45.1,35.01,1095.36,0
71.65,44.68,15.53,1840.56,0
69.73,60.09,31.46,1940.45,0
34.36,30.15,30.68,1717.24,0
217.07,74.78,26.79,723.05,1
64.75,46.14,29.75,513.0,0
36.37,50.59,27.13,1164.02,0
220.26,48.24,30.45,988.08,1
186.36,71.53,37.2,1773.85,1
83.33,33.5,9.93,335.06,0
54.27,59.04,38.73,626.82,1
19.77,48.76,11.11,1540.83,0
105.49,37.1,8.0,325.73,0
51.57,56.68,48.92,743.41,0
74.42,24.88,48.06,866.24,1
208.68,84.49,7.72,1301.8,1
48.85,34.57,24.95,442.55,0
102.64,32.22,13.38,1742.12,0
122.54,41.91,26.84,977.95,0
158.23,81.08,42.36,1846.49,1
70.79,24.54,47.78,1015.56,0
65.82,35.75,33.54,658.82,0
64.75,39.76,20.93,412.38,0
96.38,61.43,32.15,156.93,1
181.66,60.65,19.04,1134.49,0
62.71,32.95,45.94,348.24,0
6.96,42.04,44.17,874.7,1
131.1,43.72,30.12,1240.15,0
79.34,33.92,19.62,660.02,0
105.64,49.19,18.2,474.16,0
20.46,47.19,6.5,1583.24,0
51.71,42.64,41.71,1901.56,0
124.55,46.64,25.27,335.81,0
27.83,34.41,19.63,437.84,0
102.49,66.48,26.2,1926.02,0
74.01,71.9,41.84,219.9,1
43.93,60.36,10.61,1958.62,0
41.28,28.11,43.59,158.59,0
34.62,24.9,45.39,1766.29,1
79.06,30.75,47.6,718.55,0
85.29,37.68,22.89,1886.39,0
58.45,46.71,14.77,736.35,0
32.92,62.3,21.81,1360.47,0
100.62,61.27,19.98,298.06,0
132.59,61.78,12.93,598.31,0
112.41,39.56,32.33,1581.31,0
238.89,66.54,26.45,1128.07,1
66.8,43.39,43.96,1866.74,1
171.01,45.03,6.44,943.19,0
47.18,53.56,33.97,1759.15,0
41.66,26.31,39.33,980.57,0
82.33,43.49,39.18,1961.61,1
194.11,51.53,44.87,1925.69,1
61.77,51.6,37.81,758.9,1
20.44,50.27,46.75,1788.96,0
131.04,35.92,19.97,1718.08,0
71.89,61.06,27.64,539.76,0
92.29,38.57,5.63,1304.94,0
43.32,43.76,5.31,284.46,0
81.82,57.53,15.81,1697.91,0
23.25,48.02,9.54,472.91,0
219.07,80.11,16.71,281.01,0
146.19,42.2,12.97,890.41,0
79.38,57.57,6.28,1217.31,0
128.8,51.44,45.92,1731.6,1
47.28,62.02,5.37,1952.35,0
142.23,39.46,38.12,963.06,1
59.86,52.08,11.85,261.83,0
56.88,44.13,46.05,1535.86,0
36.5,32.68,45.18,1195.57,0
99.82,42.09,34.43,978.6,0
77.09,40.58,35.25,722.15,0
174.34,56.52,5.24,1079.44,0
33.21,64.11,49.32,776.56,1
100.11,63.75,44.5,1550.47,1
154.93,56.83,45.28,1156.2,1
86.3,50.88,34.67,1772.17,0
59.06,20.42,20.52,1155.56,0
84.85,40.38,45.21,590.79,0
165.98,49.78,18.12,1724.52,0
165.94,50.33,30.32,1180.86,1
69.91,26.8,9.49,532.66,0
164.2,55.42,46.49,1303.49,0
74.66,32.9,11.33,811.78,0
127.91,45.34,15.12,1712.15,0
107.63,44.0,30.12,988.6,0
57.39,30.32,39.38,1493.92,0
37.55,59.32,32.87,326.74,0
157.41,71.46,15.45,882.65,0
184.31,68.65,5.04,1969.0,0
98.59,27.24,39.07,1645.65,1
74.59,59.49,49.33,445.89,0
29.87,62.42,41.45,663.86,0
154.95,63.37,25.71,760.16,0
91.38,36.43,45.67,1353.18,1
63.26,58.7,23.44,1550.44,0
130.16,63.34,28.62,1536.62,0
25.48,36.62,26.47,1093.27,0
35.09,49.61,25.14,1650.02,0
46.0,38.15,39.88,958.59,0
105.51,60.19,28.7,379.18,0
85.47,26.49,19.25,1194.22,1
113.46,52.71,16.62,1911.76,0
148.57,29.91,6.7,1617.04,1
116.03,53.29,31.24,1220.6,1
221.86,50.67,15.35,1346.59,0
148.36,56.72,11.67,1871.54,0
69.8,33.76,34.42,942.43,1
51.46,49.58,35.65,763.08,1
71.26,58.69,38.85,1957.9,0
118.57,35.82,27.66,1747.37,1
55.54,29.46,45.23,747.63,0
120.62,38.29,47.14,1007.99,1
112.16,66.19,41.33,917.89,1
37.13,43.33,33.6,425.83,0
146.67,50.93,18.67,1921.97,1
96.37,23.43,49.23,897.98,0
215.42,70.14,17.34,1769.36,0
74.84,72.07,14.12,500.31,0
61.26,54.85,24.9,1163.56,0
33.47,43.13,7.56,194.33,0
33.05,17.81,49.03,1563.81,0
136.08,39.23,31.48,1224.69,0
202.51,42.61,30.06,1307.34,1
70.58,33.86,34.51,245.68,1
67.46,24.22,27.37,540.42,0
79.5,36.25,6.44,287.51,0
152.82,41.97,32.55,684.49,1
37.39,62.42,37.23,1310.76,1
88.79,56.97,23.75,1197.44,0
137.99,62.09,39.08,1282.48,0
104.69,51.27,15.22,1166.11,0
4.42,28.47,14.96,655.1,0
116.39,58.36,12.26,602.34,0
105.34,45.1,21.74,403.56,0
170.9,62.52,43.12,1720.78,1
192.91,51.58,42.26,1290.49,1
165.75,81.03,22.23,495.05,1
79.79,31.56,31.51,477.84,0
19.62,30.47,37.44,1765.12,1
67.13,62.64,15.85,1524.05,0
78.1,18.43,12.57,1369.89,0
200.97,71.01,48.74,902.7,1
43.65,51.31,32.79,634.65,0
26.13,54.84,49.16,1961.98,0
55.8,59.18,20.2,1624.89,0
45.46,72.05,36.64,708.29,1
24.01,25.06,15.02,1717.99,0
71.63,64.99,16.75,1554.02,0
80.16,51.72,28.04,699.6,0
22.8,38.09,19.38,939.12,0
60.99,37.51,12.54,494.01,0
43.31,48.9,16.83,355.45,0
81.92,64.83,6.61,1487.11,0
87.36,68.1,36.7,644.9,0
43.32,45.55,27.15,1667.11,0
145.87,33.35,9.24,1991.88,0
76.94,46.49,12.73,291.75,0
44.88,62.73,9.61,1025.11,0
21.53,43.65,32.57,1633.82,0
90.44,42.64,9.24,1609.56,1
105.18,34.29,38.94,1555.99,0
53.57,26.77,5.92,795.64,0
83.65,44.92,16.22,989.63,0
192.91,71.68,45.08,1250.69,1
132.06,56.56,37.33,1951.79,1
10.22,28.7,8.28,755.96,0
44.49,41.93,41.95,1857.82,0
69.27,23.13,27.19,648.31,0
79.86,62.41,43.11,1979.79,0
84.86,52.36,32.03,1389.99,0
100.96,57.38,35.68,1007.5,0
70.87,33.28,49.71,1284.77,0
76.81,62.4,15.46,654.18,0
136.3,58.38,33.08,657.22,1
91.61,58.3,25.71,360.08,0
30.85,30.28,6.78,360.99,0
81.56,35.23,5.65,793.19,0
69.4,33.49,10.37,1561.28,0
14.33,46.77,34.21,1274.75,0
84.37,24.05,30.52,339.78,0
34.25,39.29,29.9,1726.64,0
137.55,65.39,6.43,1262.53,0
100.04,58.31,26.12,1927.58,0
29.46,38.64,46.61,1389.84,0
133.73,44.97,22.89,474.07,0
172.57,36.86,33.12,1026.5,1
63.67,59.31,40.09,1349.72,1
69.12,65.85,40.28,202.29,1
125.74,40.22,28.37,177.58,0
164.83,52.36,43.61,389.4,1
18.38,64.25,22.61,615.58,0
32.37,60.77,44.99,944.67,0
56.58,30.77,15.81,1051.76,0
61.05,39.62,17.61,405.35,0
123.51,39.75,7.39,1395.77,0
165.35,42.63,40.8,1252.86,1
172.86,72.6,23.77,694.76,1
17.97,55.43,15.31,175.27,0
41.43,52.12,15.43,293.65,0
49.22,21.9,45.56,874.64,1
41.3,45.25,42.53,434.85,0
99.85,45.01,29.91,847.12,0
107.6,47.55,32.72,1312.14,0
76.16,45.14,26.34,1162.39,0
71.37,27.53,22.62,577.68,0
58.32,51.93,46.2,786.07,0
63.27,50.24,10.65,1285.96,0
191.61,44.21,23.83,1742.58,0
117.7,32.23,20.51,1543.44,1
59.9,36.8,27.42,1173.79,0
70.44,30.26,25.59,820.24,0
101.32,50.01,28.35,825.34,1
29.46,58.67,11.3,1776.92,0
83.44,28.01,28.09,222.6,0
113.68,33.41,15.91,1977.77,0
104.67,44.27,13.29,1379.09,1
42.06,61.72,7.92,1410.1,0
48.13,32.36,39.32,220.3,0
12.74,30.4,24.23,1270.23,0
121.26,68.88,33.2,1046.84,0
240.73,56.36,37.74,345.69,1
37.64,18.57,35.57,664.16,0
147.87,53.96,26.17,1797.08,0
228.08,76.17,22.46,1167.48,1
54.3,40.61,21.92,914.82,0
70.5,51.42,33.8,284.46,0
89.67,53.98,27.27,1471.12,0
102.57,43.07,43.21,1450.27,1
92.84,45.34,44.36,1285.98,1
57.39,26.44,12.68,1093.99,0
112.57,35.25,11.13,952.5,0
58.34,49.09,33.37,1247.55,0
96.97,65.42,18.56,581.78,0
74.34,67.19,5.84,1891.33,0
16.26,49.98,44.99,1239.27,0
161.19,46.54,15.21,725.71,0
49.1,27.84,46.82,981.91,0
170.97,69.31,37.28,1640.52,1
144.29,61.24,39.32,448.99,1
87.93,52.41,14.07,691.75,0
105.97,56.87,15.54,1407.09,0
114.17,57.68,28.46,733.66,0
66.11,60.53,12.74,1616.13,0
68.3,29.89,18.74,391.34,0
110.71,60.37,19.47,1560.97,0
74.87,55.8,12.18,276.45,0
57.53,34.73,14.23,173.3,0
42.58,49.25,40.48,1811.71,0
98.8,41.36,12.52,1225.48,0
47.91,68.18,6.28,800.88,0
129.5,36.4,33.32,580.3,0
136.3,53.7,48.92,1291.24,0
105.46,31.46,19.9,1091.65,1
119.66,55.52,10.34,1984.46,0
105.66,38.48,30.67,1968.95,1
125.0,47.12,45.79,1324.8,1
121.71,49.58,40.28,969.31,0
95.42,65.87,33.01,1058.61,0
145.41,48.48,19.18,1412.59,0
67.74,31.76,29.38,337.91,0
43.57,56.31,9.11,757.45,0
41.9,36.36,35.55,289.25,0
61.05,66.4,37.63,285.72,1
14.13,18.57,48.43,512.3,0
87.36,48.38,16.72,1047.72,0
115.12,36.9,5.83,1601.83,0
135.12,34.57,29.55,1048.17,0
19.51,46.88,36.81,770.63,0
42.94,39.42,40.57,302.35,0
127.1,68.29,13.72,1168.05,0
66.28,42.14,16.78,651.85,0
113.51,38.39,28.07,1287.63,0
28.23,41.36,19.88,1957.8,0
169.75,74.63,43.72,355.93,1
26.42,35.45,26.32,542.43,0
85.7,37.72,40.98,1025.22,1
87.16,41.06,31.13,1941.94,1
53.22,45.56,39.79,1577.85,1
103.12,44.2,19.97,1811.72,0
104.97,61.99,42.41,767.37,1
97.9,41.18,17.36,1985.27,0
52.52,66.82,29.57,340.24,0
45.38,28.42,14.63,248.0,0
56.64,62.64,26.4,1732.86,0
40.86,57.84,19.32,1865.44,0
149.49,44.46,17.0,317.58,0
60.16,64.92,48.51,359.84,0
84.11,51.16,12.2,211.37,0
126.78,72.01,40.43,343.34,1
39.36,48.02,49.29,537.43,0
25.48,38.01,5.9,1944.64,1
40.97,25.7,36.46,1385.54,0
90.18,31.91,16.38,1590.32,0
86.25,26.46,6.82,1585.86,0
97.78,35.74,23.13,1139.89,0
70.64,34.74,47.08,1625.35,1
6.81,35.37,5.53,1252.24,0
69.12,65.29,31.45,731.91,0
137.23,30.26,27.56,1188.05,1
159.01,36.82,44.3,1136.99,0
80.49,51.71,8.78,1673.39,0
86.46,33.18,35.67,1966.2,0
112.19,32.63,35.6,910.43,1
156.3,43.83,35.11,1562.27,1
75.86,63.01,47.41,334.56,1
111.21,65.37,42.04,1587.14,1
50.86,36.52,6.89,837.12,0
28.73,43.17,26.2,222.87,0
54.8,44.87,22.91,822.01,0
177.97,65.09,18.96,1279.69,1
112.62,57.77,25.31,370.61,0
30.99,46.99,22.29,1859.46,0
115.89,40.6,24.46,293.69,0
32.93,18.36,49.07,1870.51,0
96.93,52.94,8.99,1458.2,0
38.21,53.61,46.5,759.97,0
29.58,40.4,26.61,872.89,0
195.85,88.74,33.07,1520.5,1
60.13,61.31,42.36,1262.72,0
111.35,28.32,21.22,1392.54,0
77.96,58.71,24.37,869.95,0
35.03,38.96,23.43,1052.45,0
64.66,65.31,21.86,1981.25,0
35.28,74.11,46.65,545.76,1
280.4,70.22,42.3,923.03,1
123.86,30.21,9.9,689.87,0
77.0,52.24,9.87,1565.46,0
107.66,36.61,24.25,1563.42,0
118.98,69.35,9.44,691.02,0
119.18,67.02,32.86,300.57,1
116.05,48.91,11.47,171.15,0
110.59,62.97,28.51,940.78,1
81.2,52.57,5.32,909.12,0
186.9,54.83,19.25,1978.52,0
84.64,27.13,35.47,1019.13,0
78.49,54.16,26.78,624.37,0
85.12,64.72,49.02,1798.77,1
89.11,66.22,44.33,1058.48,1
19.64,24.17,21.16,1258.47,0
40.66,64.6,7.05,326.99,0
70.64,62.63,43.05,858.4,1
18.77,27.66,46.01,1896.81,0
76.91,32.31,41.93,1240.58,0
88.35,38.95,10.76,787.33,0
27.68,59.53,49.91,1307.48,0
48.31,53.55,16.64,1834.26,0
162.88,66.42,37.59,656.88,1
108.35,49.24,45.86,1084.47,0
104.51,52.12,15.61,1923.58,0
151.04,30.95,45.87,468.93,0
41.26,35.97,18.93,1481.38,0
27.74,48.57,48.94,1286.79,0
138.92,43.79,17.66,1407.4,0
71.99,60.14,47.9,799.76,1
40.43,23.09,7.41,730.68,0
19.5,50.79,36.92,1415.79,0
85.75,46.81,28.95,548.76,0
66.46,39.71,26.5,926.36,0
58.87,26.54,15.06,498.12,0
9.43,10.0,36.75,165.36,0
185.44,73.8,13.59,1944.61,0
23.59,25.31,29.88,948.65,0
62.91,63.12,16.4,1943.3,0
55.8,66.93,48.0,409.6,1
110.38,30.7,6.29,1236.63,0
19.7,33.58,13.99,521.8,0
102.22,49.34,15.9,1611.64,0
86.03,69.93,23.63,1599.85,0
46.59,57.47,15.47,358.32,0
99.96,47.22,27.11,1837.32,0
76.82,62.08,44.26,510.06,0
211.95,47.94,37.04,1284.01,0
66.42,73.26,31.1,1973.42,0
36.46,62.15,9.01,1782.43,0
102.87,35.66,36.23,1919.64,0
60.82,33.24,12.49,783.81,0
75.8,29.08,40.39,345.31,1
27.93,32.62,16.25,498.44,0
111.44,63.96,23.77,1075.92,1
54.1,29.19,20.77,1617.47,0
90.37,30.96,43.65,427.78,0
243.6,60.06,10.69,1370.5,0
63.81,63.05,30.45,748.62,0
121.0,50.74,11.39,781.22,0
66.87,48.75,36.72,1374.55,1
47.06,30.33,45.73,1013.95,1
166.3,77.24,24.56,1652.26,0
14.59,47.92,26.96,438.45,0
140.48,39.61,46.73,1611.4,1
12.88,26.14,28.44,268.84,0
131.74,33.29,26.94,509.0,0
76.57,26.42,31.02,1363.88,0
36.54,47.86,36.02,1731.61,0
56.74,59.21,9.81,617.46,0
116.97,58.23,41.95,755.3,1
230.03,85.99,24.6,1143.67,0
20.42,35.07,8.26,541.41,0
38.31,48.12,40.38,1650.64,1
25.87,37.8,21.96,1581.23,0
66.5,23.02,9.52,418.79,0
133.92,39.86,33.52,1008.09,1
22.95,46.98,44.61,1583.43,1
75.21,25.15,44.95,774.06,1
131.32,39.55,48.09,1321.25,1
56.16,44.08,44.05,242.89,1
86.55,72.25,5.1,1276.07,0
158.98,57.16,22.11,432.41,0
32.96,45.99,41.83,1686.58,1
16.15,35.65,21.48,807.58,0
93.52,54.61,32.07,670.87,1
95.19,57.18,32.28,1705.64,1
53.4,64.92,21.43,242.77,0
46.08,34.27,45.7,883.73,0
77.61,47.23,27.65,834.51,0
32.48,44.76,25.92,676.88,0
32.52,26.23,49.89,1836.75,1
116.49,36.49,27.21,1539.22,1
30.71,21.36,13.03,268.26,0
17.14,22.56,28.09,1472.17,0
46.01,54.08,41.63,1125.5,0
54.34,28.76,39.96,1816.61,0
102.22,28.67,40.49,728.95,1
49.03,48.7,36.86,1212.2,0
175.25,43.52,16.44,1076.4,0
80.31,51.93,43.79,1055.69,0
41.35,23.55,45.2,993.79,0
99.5,70.18,13.74,530.41,0
173.39,71.23,10.87,1548.06,1
114.52,60.61,48.9,984.97,1
21.76,34.95,44.07,1923.26,0
57.72,58.9,45.2,632.5,0
89.47,25.66,44.89,1413.08,0
111.58,32.19,29.38,1890.33,1
66.78,19.28,34.09,1377.4,0
60.48,45.89,29.54,1761.85,0
211.01,62.26,7.3,1680.84,0
115.57,48.2,38.55,816.22,1
99.69,26.92,27.74,1260.23,1
50.55,38.23,34.15,439.08,0
32.1,51.63,27.62,1140.72,0
100.8,34.54,27.13,576.28,0
123.46,52.91,12.73,1525.91,0
75.55,37.2,17.54,1126.91,0
115.77,70.01,12.15,910.77,0
117.61,50.37,13.8,647.27,0
128.53,37.95,48.78,1997.59,1
21.43,29.58,11.89,282.66,0
58.89,53.46,17.12,230.59,0
104.66,54.17,31.58,551.93,1
78.43,38.24,32.46,1946.48,1
117.83,38.43,11.93,1961.59,0
99.65,68.92,40.72,1361.62,1
10.2,58.77,40.33,1778.2,1
147.56,50.89,15.68,545.83,0
53.74,36.06,17.99,1948.28,0
39.5,30.72,47.21,414.15,0
144.6,66.34,42.16,337.08,1
112.27,44.51,36.4,357.59,1
156.97,73.21,8.7,1210.29,0
90.1,51.7,23.82,1594.8,1
58.36,46.85,30.17,828.33,0
83.46,44.87,13.43,1959.11,1
34.2,62.07,25.17,953.68,0
25.31,58.92,32.05,428.33,0
47.81,46.67,19.73,1012.04,0
185.47,68.21,40.14,1406.22,1
51.44,45.47,42.82,1689.62,0
17.5,45.29,19.56,998.72,0
68.08,25.38,42.74,1248.17,0
50.95,43.89,9.66,644.59,0
149.2,36.26,42.7,1344.95,0
177.61,81.79,11.87,1974.05,1
56.46,35.26,8.73,240.75,0
90.05,74.49,33.88,1790.08,0
94.96,52.3,26.24,1190.22,1
73.35,45.69,45.86,616.38,1
64.57,53.94,21.34,1916.55,0
37.49,32.86,17.92,1044.21,0
14.94,38.03,27.53,763.63,0
37.32,19.92,25.52,485.77,0
71.62,49.69,20.5,602.24,0
22.98,38.46,36.22,1690.77,0
87.02,56.44,39.18,1286.66,0
79.46,42.46,43.38,1839.5,0
51.01,28.96,48.78,579.14,1
62.68,26.93,17.0,374.11,0
26.65,61.44,37.22,161.26,0
127.12,59.76,22.74,1089.54,1
125.79,47.85,35.47,1996.87,1
30.73,39.95,26.42,1435.69,0
31.46,26.42,49.72,720.53,1
37.71,69.21,37.8,1772.19,1
107.94,58.74,47.86,1596.19,1
94.77,36.98,42.57,178.52,0
143.6,57.57,45.63,1661.19,1
153.46,37.56,41.65,705.97,1
21.14,56.87,25.66,426.9,0
105.53,37.82,16.33,568.71,0
149.76,63.58,21.66,1016.87,0
59.89,40.59,5.91,936.01,0
74.63,62.1,28.58,684.44,0
67.2,54.21,27.73,468.6,1
69.26,57.32,28.64,1560.13,0
126.85,52.39,48.83,1981.7,1
206.4,82.23,46.02,1588.91,1
171.59,35.57,12.28,697.48,1
52.76,30.8,21.6,602.9,0
90.23,37.89,24.08,552.68,0
42.2,50.91,21.22,402.89,0
45.53,28.97,40.93,1169.96,0
72.42,55.36,28.58,1269.99,0
44.61,51.32,30.74,1455.18,0
49.7,28.38,43.39,1408.39,1
88.85,28.01,41.27,690.82,0
104.6,35.52,10.95,761.08,0
102.84,47.21,37.13,1410.8,0
103.49,40.28,24.59,796.48,0
28.27,19.03,18.26,543.35,0
42.92,65.26,7.25,842.52,0
77.8,69.33,26.93,653.36,0
145.63,43.28,20.99,313.38,0
274.44,60.2,16.32,1685.76,0
92.59,18.89,36.26,1728.26,0
119.41,58.72,39.63,556.54,0
25.66,60.64,16.02,269.83,0
117.43,38.44,7.23,1516.83,0
231.77,55.68,43.19,541.33,1
42.8,53.93,5.45,877.86,0
50.9,55.28,47.17,268.65,1
129.3,30.83,33.24,568.6,0
77.15,59.19,19.48,1616.87,0
13.7,30.36,16.09,1638.13,0
53.16,41.2,5.41,533.11,0
177.17,77.26,15.6,771.44,0
62.35,57.65,11.2,398.34,0
62.31,41.23,32.55,287.22,0
124.28,78.27,12.49,1985.52,0
94.74,43.45,28.79,1362.85,0
60.01,49.99,31.56,1152.88,0
48.46,53.03,18.41,1566.17,0
350.0,93.04,6.58,1704.14,0
159.73,74.9,6.68,1642.42,0
103.47,36.54,6.19,180.6,0
107.67,66.4,38.26,495.59,0
69.55,55.06,19.31,1361.57,0
94.01,62.62,40.83,845.15,0
64.6,22.46,24.43,1967.59,0
39.88,54.35,25.38,1381.0,0
96.38,65.5,28.08,1919.62,0
60.8,33.61,37.09,522.68,1
99.6,61.52,17.31,1748.32,0
111.59,37.97,10.47,744.5,1
102.94,34.03,30.02,1980.69,1
37.42,50.62,19.71,441.72,0
56.3,46.04,24.91,1105.23,0
61.62,46.67,34.11,1616.76,0
138.03,32.88,27.24,950.39,0
133.67,72.41,32.91,1015.96,1
44.84,16.24,29.49,1974.76,0
27.72,31.95,38.29,936.82,1
282.14,44.76,36.77,1267.53,1
100.4,42.78,29.04,250.9,1
24.7,66.42,35.55,1708.09,1
50.3,48.19,44.31,1349.11,1
141.56,65.16,24.45,897.44,0
242.33,34.47,23.57,179.91,0
218.83,73.1,39.39,1244.59,1
97.73,40.4,31.21,173.42,0
76.01,46.43,8.2,152.23,0
34.67,26.78,45.15,1289.78,0
80.33,57.09,6.39,499.68,0
38.43,41.74,38.68,504.99,0
56.69,47.4,39.15,1358.55,1
129.21,47.56,47.89,249.34,0
64.38,30.02,7.44,729.8,0
61.42,47.25,31.86,426.45,0
73.28,32.15,24.25,1223.33,0
306.84,92.73,19.88,1374.27,1
31.76,51.03,9.06,1484.1,0
91.23,26.37,30.32,622.18,1
207.31,92.98,26.56,315.11,1
73.13,50.52,9.7,295.56,0
157.95,36.32,32.56,938.38,1
26.15,51.64,38.21,1899.81,0
65.85,45.75,39.53,552.8,0
41.63,48.73,45.74,624.97,0
72.61,58.97,23.43,336.64,0
73.65,55.58,47.89,1270.31,1
78.86,47.56,43.94,1407.76,0
128.48,51.98,18.34,1339.42,0
8.99,49.74,12.17,1743.09,0
48.67,23.25,24.59,1049.89,0
87.25,39.33,23.09,398.75,0
14.42,43.1,30.91,685.4,0
112.45,39.15,31.25,1375.5,1
48.0,36.34,38.75,1284.28,0
66.72,63.22,27.95,1132.36,0
132.07,60.78,9.72,1413.48,0
162.3,40.3,43.62,1329.17,1
114.59,30.21,18.94,1780.45,0
31.03,26.55,48.71,1234.13,0
111.05,63.25,10.3,1590.41,0
115.74,32.06,48.12,610.11,0
101.92,60.96,9.1,1404.64,0
178.28,33.37,15.4,1819.06,1
80.23,50.23,7.1,863.6,0
174.18,50.72,36.73,1591.34,0
173.54,64.84,43.26,1490.86,1
117.77,47.96,24.53,260.12,1
92.16,50.03,46.78,1225.79,1
102.29,33.95,31.56,390.85,0
201.45,65.25,33.35,1939.54,1
145.52,79.94,43.04,1651.1,1
34.11,27.37,18.36,352.99,0
98.24,60.54,20.94,375.24,0
40.01,51.81,45.77,1249.78,0
46.96,27.09,45.54,788.04,0
58.3,42.19,48.94,214.58,1
24.02,23.26,45.58,1152.04,0
38.02,47.11,10.73,867.51,0
184.12,71.88,42.07,336.99,1
46.74,22.38,23.44,1633.55,0
128.93,61.59,49.59,1842.89,0
85.04,55.03,26.25,1549.7,0
108.06,77.16,29.92,1671.48,1
110.95,50.23,28.84,550.51,1
36.72,63.45,19.48,637.61,0
128.46,57.95,8.38,535.78,1
28.41,32.83,45.3,1565.37,0
45.3,62.67,41.12,1903.65,0
109.94,36.21,11.28,1476.15,0
34.84,36.62,39.95,1780.71,0
13.0,33.93,33.16,1331.59,1
95.31,57.73,23.41,867.17,0
20.41,53.7,16.43,937.66,0
116.48,48.4,43.69,289.34,1
61.31,40.52,36.51,208.2,0
94.44,49.13,29.65,1436.63,1
93.32,48.11,32.43,961.09,1
121.89,41.5,9.1,1171.6,0
111.97,64.15,26.33,1181.67,1
34.59,45.53,13.72,663.15,0
63.94,41.22,14.38,1030.4,0
94.37,30.74,34.76,1020.91,0
176.06,41.38,46.01,868.59,1
112.61,67.32,23.17,1668.25,1
166.97,45.06,14.35,984.65,1
97.56,32.17,34.19,1266.74,1
147.07,53.88,44.2,1806.71,1
89.42,42.61,38.67,1752.53,0
143.42,32.72,44.09,1797.28,1
59.13,36.38,29.14,649.51,0
188.26,61.72,38.83,214.72,1
104.61,49.2,11.3,632.97,0
24.17,29.18,20.67,665.61,0
96.39,37.37,22.53,1832.32,0
112.84,67.87,28.01,1351.1,1
131.19,49.34,46.81,301.15,1
227.63,49.12,44.34,400.45,1
52.65,30.78,11.05,438.0,0
228.54,64.05,12.78,1316.28,0
76.02,60.47,21.09,1510.52,0
43.65,23.86,18.08,1740.34,0
53.48,58.02,32.66,1890.18,0
108.69,34.01,45.62,523.15,1
38.94,32.65,48.3,723.08,0
59.84,52.63,34.41,594.6,0
94.87,47.04,42.72,813.71,0
187.39,61.05,28.63,1842.13,1
128.89,27.85,14.37,1213.96,0
78.1,50.32,28.61,1515.66,0
108.38,28.49,29.98,1056.72,1
88.96,57.72,38.41,203.39,1
30.65,25.35,14.89,268.76,0
206.99,78.17,21.57,1145.16,1
189.17,59.79,21.38,1479.76,1
72.09,54.31,48.17,548.36,0
54.86,41.0,24.98,1485.53,0
31.23,66.48,38.98,1649.73,0
112.65,40.74,38.79,912.01,1
113.11,37.38,16.95,1530.88,0
41.49,32.11,30.73,897.46,0
89.64,31.24,45.24,1404.95,1
126.43,43.51,26.38,1563.39,1
52.22,63.03,47.53,1985.06,1
66.16,75.23,14.65,788.98,0
65.71,43.74,8.34,910.43,0
43.51,64.36,45.12,456.4,1
67.09,52.62,43.15,527.54,0
20.76,31.18,49.67,1432.78,0
63.39,41.39,35.57,1846.53,0
64.06,49.48,47.15,880.02,0
72.7,73.8,42.21,482.71,1
103.31,34.7,43.0,677.43,0
29.2,47.46,30.61,991.85,0
33.82,15.98,22.21,687.7,0
42.68,33.91,47.06,582.12,0
26.74,26.64,24.45,1511.57,0
110.8,68.22,29.25,164.51,1
50.59,57.62,25.08,1147.58,0
74.23,55.48,30.42,1618.47,1
39.98,45.58,26.17,642.52,0
58.77,37.77,7.16,1266.09,0
92.43,36.43,44.69,1387.47,0
95.32,40.36,25.0,1361.8,0
34.98,50.59,31.5,974.82,0
71.76,52.1,11.26,791.17,0
40.5,35.36,5.15,1696.46,0
69.98,24.52,16.04,1553.13,0
47.58,13.41,36.71,744.32,0
214.84,36.7,9.46,340.59,0
125.99,42.86,45.9,282.84,1
97.98,63.58,14.68,324.41,0
62.35,46.04,14.21,1228.31,0
128.24,68.33,13.17,245.58,0
73.17,41.82,5.63,773.31,0
201.86,53.45,39.73,1543.42,0
136.17,39.91,44.38,694.54,0
58.48,57.27,32.64,1562.12,0
188.21,70.43,13.47,1529.11,0
62.58,31.55,17.84,604.78,0
222.31,53.75,26.42,1498.32,1
194.23,47.21,47.95,1533.39,0
92.11,55.39,16.13,885.29,0
21.46,62.49,37.92,539.28,0
87.56,61.42,24.78,1114.35,0
32.19,43.78,18.4,1854.59,0
48.63,26.92,25.52,1333.29,0
51.31,22.72,8.2,469.91,0
31.97,28.57,40.94,1413.1,1
87.77,34.83,15.95,940.33,0
44.53,42.92,37.64,1244.33,0
64.57,57.0,8.08,1508.02,0
51.63,37.7,47.98,1102.65,1
103.59,65.87,13.69,1655.87,0
98.89,41.52,44.72,1485.99,0
61.06,32.38,41.43,1287.89,0
106.86,38.26,48.55,428.97,0
158.4,50.02,26.51,1696.51,0
11.12,16.64,37.73,1881.43,0
49.53,36.82,21.68,403.39,0
37.09,32.09,13.3,1053.25,1
46.37,68.81,24.94,628.94,0
9.09,22.92,12.46,1545.87,0
10.65,24.24,49.19,1485.01,0
4.09,21.97,9.33,410.64,0
52.89,48.39,31.51,1772.5,0
51.82,29.39,33.19,484.8,0
172.2,72.36,29.21,1624.93,1
83.35,47.85,34.8,995.41,0
105.15,49.4,10.23,757.3,0
350.0,83.69,29.98,442.74,1
11.17,21.86,17.92,460.09,0
203.91,52.08,47.31,1374.5,1
73.51,32.09,39.29,1168.3,0
56.01,42.61,48.76,375.86,0
50.1,33.62,6.69,358.49,0
94.11,30.55,17.83,283.77,0
56.35,62.83,13.79,1525.97,0
31.24,24.01,5.5,1466.98,0
51.46,53.97,15.9,258.1,0
95.84,60.41,35.54,1186.5,1
116.92,48.73,15.4,306.65,0
216.5,53.54,27.91,1821.93,1
81.0,38.67,44.95,1828.17,0
164.1,63.73,36.22,1441.73,1
66.24,57.65,22.76,1863.45,0
72.57,53.77,21.76,1651.19,0
70.0,60.65,25.51,1682.8,0
87.44,44.38,12.97,1203.96,0
130.0,45.24,33.53,716.21,1
54.7,27.89,21.39,552.93,0
38.63,56.68,43.36,755.32,0
136.46,35.46,39.04,1312.72,0
130.51,36.65,32.47,469.41,1
179.82,65.32,21.39,628.48,0
48.78,32.16,14.45,1015.91,0
64.61,65.99,39.93,581.14,0
139.63,53.05,26.89,1238.99,1
54.25,21.08,15.11,1857.88,0
113.85,60.13,13.78,1533.97,0
66.44,27.11,12.44,1382.89,0
93.78,41.79,39.97,1228.03,1
30.74,26.79,15.3,1052.7,0
80.31,19.08,28.7,495.14,0
156.48,55.21,25.32,1805.21,0
123.35,31.93,31.08,609.79,0
36.7,47.2,44.47,318.92,0
206.18,63.51,44.05,1537.53,1
150.67,62.66,25.3,474.89,0
31.92,57.58,5.69,838.01,1
51.72,31.56,24.19,202.33,0
33.39,32.32,32.28,403.58,0
95.48,35.24,30.1,470.43,0
50.08,27.48,34.31,250.66,0
13.82,51.65,11.93,1364.82,0
72.35,52.92,34.09,1698.46,1
133.14,41.0,13.22,840.63,0
81.41,37.05,38.77,1767.97,0
107.42,26.28,20.26,544.69,0
86.6,53.71,36.95,751.97,0
120.18,36.13,7.15,428.86,0
91.7,63.96,23.35,1298.03,1
69.69,62.74,36.73,926.76,0
80.75,32.94,15.21,1284.57,0
183.85,59.16,40.79,1559.1,1
111.28,67.44,33.39,1159.55,1
36.6,40.94,31.44,1311.12,0
79.9,29.16,20.91,1880.21,1
94.39,52.18,26.71,703.27,0
68.11,56.47,31.88,814.45,0
13.89,57.78,26.26,1477.75,0
39.58,50.99,36.42,1280.92,1
56.46,60.92,24.52,480.29,0
220.58,82.82,14.1,845.87,0
103.73,80.9,14.63,1015.5,0
20.79,16.68,5.26,925.87,0
71.11,42.01,18.54,479.81,0
166.7,63.6,38.7,1860.2,0
49.57,54.89,40.74,1560.29,0
142.89,50.0,14.11,1040.51,1
21.4,25.06,48.16,1408.11,1
3.5,59.75,27.61,1809.97,1
156.0,65.99,46.26,401.92,1
54.39,23.63,36.8,613.19,0
57.53,39.36,37.51,1154.0,0
86.07,37.16,8.83,1628.17,0
101.41,37.65,14.9,217.07,0
6.31,25.77,5.4,1970.43,0
46.73,48.02,37.23,991.58,0
78.91,50.05,20.5,814.58,0
101.26,54.4,40.4,691.54,1
36.26,54.15,20.25,472.56,0
65.68,65.61,41.87,1614.41,1
49.45,26.32,10.88,1917.52,0
87.98,27.84,12.8,915.24,0
152.59,64.15,20.34,1911.98,1
59.8,30.93,23.38,1674.03,0
24.84,65.04,20.69,1039.94,0
44.84,51.29,39.36,1396.95,0
204.93,58.68,9.36,954.72,0
39.7,56.97,20.8,1183.64,0
29.23,18.23,42.68,257.39,0
57.22,37.93,8.01,1438.09,0
71.12,48.18,47.41,247.73,0
51.7,35.15,49.38,1661.61,0
21.51,51.1,8.99,1676.15,0
93.64,29.59,18.11,588.59,0
88.04,49.56,21.76,748.78,0
117.41,51.36,39.94,1040.42,1
86.74,53.34,31.82,1253.83,1
194.8,49.67,34.0,681.6,1
123.19,41.41,39.09,1246.1,1
108.04,57.93,10.31,700.91,0
156.02,50.63,42.49,252.66,1
83.3,58.56,36.75,154.68,1
66.66,47.45,30.98,337.13,0
92.95,64.98,45.04,1615.66,1
13.19,66.26,36.51,1928.65,0
83.47,27.66,14.08,939.89,0
71.07,50.97,24.34,1098.47,0
99.57,61.89,27.23,421.67,0
143.16,48.11,7.48,1169.41,0
110.04,67.47,47.96,417.61,1
44.93,34.86,10.79,1280.75,0
129.0,35.96,36.39,1876.53,1
196.51,47.61,27.78,512.04,0
145.44,79.18,6.15,1564.44,0
26.82,32.73,46.61,193.48,0
109.31,68.67,43.33,844.67,1
30.35,55.79,28.59,354.88,0
62.16,36.03,15.3,802.08,0
97.69,31.35,10.47,471.04,0
89.54,52.02,21.35,840.61,0
143.71,43.65,16.49,922.42,0
197.08,68.46,27.8,706.09,1
104.06,42.36,48.49,1364.75,1
58.84,33.01,30.87,1849.88,0
13.87,58.29,45.05,891.1,0
166.04,47.75,34.29,505.83,0
71.33,48.91,26.39,650.84,0
73.91,45.72,43.46,1729.9,0
77.98,34.01,26.21,1207.53,0
101.02,44.77,44.09,991.77,0
102.93,75.96,18.12,426.83,0
62.86,47.22,10.8,982.0,0
70.84,46.53,43.49,665.21,1
48.82,52.05,31.43,1894.85,0
44.91,29.1,45.01,1785.53,1
44.74,34.76,47.2,305.22,0
70.27,61.45,7.41,1105.81,0
38.38,41.78,27.54,566.36,0
3.03,34.71,21.87,909.94,0
58.12,50.89,33.16,1772.17,0
28.28,13.89,40.71,1125.9,0
81.61,51.81,17.63,768.3,0
48.68,38.12,30.06,534.59,0
101.83,47.28,36.89,1630.6,1
30.55,38.93,11.05,1305.36,0
16.65,21.81,41.63,1015.92,0
70.96,31.76,32.27,552.35,0
56.36,68.62,47.73,768.36,0
26.2,38.79,20.28,1925.71,0
123.25,57.32,9.87,1112.17,0
35.03,19.08,27.79,891.29,0
43.3,19.49,8.86,1114.63,0
137.99,56.54,48.63,1591.13,0
105.62,49.14,6.74,779.2,0
32.0,46.37,38.91,480.61,0
60.04,39.3,28.63,1232.13,0
29.38,56.67,21.59,1380.63,0
131.82,28.67,7.96,1468.53,0
131.77,44.02,33.0,1781.68,1
214.54,51.06,31.33,836.67,1
264.58,62.61,17.64,289.41,1
48.26,29.81,45.96,1922.94,0
118.8,61.13,18.68,954.77,0
14.31,39.27,25.24,1303.03,0
85.78,67.76,29.47,1382.66,1
99.93,37.89,9.51,1161.05,0
36.59,19.13,46.95,529.73,0
46.03,27.59,21.85,1547.01,0
132.32,65.45,8.64,1636.94,0
101.54,53.91,22.43,1173.0,0
198.24,78.62,32.01,1053.84,1
184.49,49.75,28.11,360.79,0
18.5,40.92,36.25,305.31,0
51.9,28.2,7.5,778.19,0
33.58,45.61,17.8,725.07,0
121.94,72.86,41.87,1914.26,1
91.41,67.32,8.6,1599.7,0
35.48,44.35,43.5,1370.86,0
40.04,42.88,9.14,1107.65,0
160.15,72.94,42.55,459.63,1
56.28,51.36,21.24,1960.14,0
12.02,19.0,32.55,843.83,0
32.96,43.86,11.88,347.81,0
223.08,45.98,7.98,1063.53,0
140.48,51.94,14.72,1766.9,0
27.81,48.23,10.75,1791.49,0
85.75,56.82,19.06,170.29,0
135.14,53.25,28.15,1789.65,0
18.26,24.6,31.49,652.25,0
144.5,55.79,40.54,222.1,0
100.92,68.9,34.53,1718.41,1
43.99,57.71,32.39,1748.15,0
111.35,33.19,23.53,1253.03,0
92.25,61.06,26.32,1212.7,0
96.39,73.61,23.65,1654.27,0
83.72,32.6,42.9,1604.67,0
38.9,17.86,15.35,1796.7,0
44.74,47.2,5.26,1172.58,0
64.22,56.81,34.31,1940.15,0
78.23,60.48,14.11,1992.87,0
115.54,78.7,45.06,365.61,1
226.25,67.77,43.66,1721.66,1
88.39,48.66,8.45,1074.67,0
114.25,32.25,9.79,867.0,0
130.91,45.87,27.28,1284.18,0
119.38,54.06,32.42,253.54,1
37.75,52.96,17.37,1086.95,0
169.29,56.27,37.26,1761.15,1
153.51,64.47,31.77,544.9,1
82.96,40.92,19.62,938.82,0
39.54,42.3,6.14,1888.04,0
77.39,27.79,38.76,942.84,0
20.48,37.95,14.66,812.98,0
182.65,73.56,42.55,964.99,1
47.87,42.79,23.91,1110.99,0
61.94,70.23,30.97,1319.18,0
174.9,46.33,44.28,1631.28,1
162.48,59.52,43.86,986.39,1
94.61,44.53,21.72,1662.34,0
199.13,65.62,14.4,1137.38,0
36.81,64.54,39.88,776.19,0
94.65,63.34,24.49,1367.21,0
37.05,66.16,13.64,1477.79,0
147.86,42.51,45.7,1182.39,1
144.71,71.0,13.91,254.74,1
207.57,45.78,6.16,464.28,0
75.82,67.31,5.91,677.8,0
242.07,55.93,33.0,672.86,1
34.65,35.14,34.78,1395.83,0
73.09,46.22,19.0,183.95,0
35.65,57.14,19.4,1548.01,0
86.39,33.48,20.28,640.88,0
38.14,35.49,35.61,723.54,1
148.1,80.72,7.62,1126.63,0
103.04,36.47,46.81,549.46,0
32.34,24.87,15.01,1786.27,0
127.48,48.85,49.99,307.93,1
190.77,59.84,12.72,972.11,0
109.42,70.7,39.72,1721.43,1
24.99,53.7,15.05,1289.31,0
68.41,39.91,8.64,690.81,0
118.34,67.22,44.37,928.41,1
64.01,44.86,43.64,1457.38,0
34.29,14.72,23.16,1950.53,0
158.49,42.26,36.61,1802.31,1
62.11,44.23,30.07,783.5,0
190.84,38.96,43.38,1996.67,1
52.1,71.62,19.18,156.48,0
59.59,62.44,28.57,201.12,0
49.17,24.84,26.84,1674.1,0
67.62,44.65,20.93,519.01,0
101.97,47.69,45.12,262.42,0
35.73,57.53,12.46,588.72,0
30.58,62.0,11.73,938.29,0
17.89,38.16,30.96,1501.55,0
15.87,53.98,34.59,1305.02,0
25.24,35.57,13.76,589.6,0
51.84,49.79,22.58,1081.05,1
85.36,27.14,47.6,1863.5,0
98.39,31.98,16.1,1657.76,0
82.79,47.83,35.08,747.9,0
177.83,41.06,38.31,1967.19,0
212.24,34.44,25.17,1460.95,0
62.31,59.49,47.19,265.53,0
36.21,22.59,38.15,215.05,0
251.0,75.72,25.61,461.55,1
155.19,58.62,30.62,1496.53,1
148.27,76.26,36.17,489.92,1
50.33,33.91,31.65,1096.25,0
129.45,31.3,44.54,322.53,1
83.23,49.2,21.06,1853.64,0
72.09,70.85,18.49,786.33,0
72.0,71.52,14.62,1830.04,0
104.98,54.04,6.7,1898.02,0
181.33,53.12,6.94,161.34,0
263.37,82.34,44.15,1008.65,1
56.85,30.69,35.53,195.61,0
86.36,53.74,34.72,1831.08,1
70.85,36.66,32.66,1109.05,0
100.58,26.42,43.21,288.65,0
64.94,37.02,26.61,354.01,0
46.11,40.23,44.17,859.49,0
56.91,41.97,21.18,1889.43,0
50.88,69.54,46.7,1431.88,0
68.51,30.21,36.44,1755.09,0
26.83,47.72,16.57,827.94,0
51.59,29.29,30.38,229.95,0
99.96,54.3,28.99,1952.49,0
99.48,35.82,11.21,181.77,0
89.6,71.28,31.61,1903.16,1
171.86,79.43,19.17,832.05,0
102.5,59.12,7.36,168.67,0
168.48,70.55,47.69,1424.94,1
263.49,75.97,33.87,1964.0,1
131.48,79.85,44.46,1936.41,1
26.94,46.31,35.42,447.73,0
91.94,63.86,21.06,485.31,0
83.33,46.25,28.07,1196.25,0
190.65,31.53,35.41,1329.01,0
70.23,47.48,48.21,1517.92,1
41.46,16.02,16.42,484.94,0
53.79,48.08,44.37,1924.16,1
27.81,44.22,46.58,1331.67,1
2.89,40.96,35.17,1717.04,0
238.39,51.08,46.91,1149.12,1
76.81,25.24,22.9,916.41,0
30.07,46.5,47.89,1957.79,0
201.04,84.12,36.63,1226.92,1
221.59,49.01,6.89,1753.72,1
85.23,57.39,45.81,1913.59,0
25.71,49.78,26.8,1399.41,0
54.74,44.04,25.71,1165.54,0
65.12,28.86,30.49,156.5,0
78.56,41.36,11.72,224.04,0
33.27,27.96,26.11,521.57,0
138.19,74.78,42.4,494.12,1
10.86,20.63,5.7,621.3,0
152.14,52.29,17.28,714.13,0
172.03,33.88,5.11,816.12,1
58.7,22.01,23.71,927.99,0
72.57,57.67,37.77,332.9,1
185.14,33.37,40.94,228.37,1
115.51,33.57,47.53,1396.8,1
60.2,38.33,32.38,1144.07,0
65.36,23.74,16.46,971.67,0
105.36,37.43,46.59,1323.71,1
225.6,72.38,39.89,1681.21,1
66.78,62.65,30.85,941.23,0
58.9,60.75,36.3,1336.07,0
78.19,71.15,46.59,1914.11,1
78.5,52.89,37.06,1703.31,1
93.72,23.86,21.58,938.1,0
72.73,61.98,37.09,1342.73,1
157.72,68.89,6.81,477.58,0
39.04,51.21,22.39,1186.97,0
100.51,46.98,23.28,1965.46,0
103.06,37.04,12.51,1108.88,0
41.79,64.53,6.04,1866.13,0
99.87,49.47,11.0,903.57,0
104.79,71.23,34.46,1997.86,0
6.26,25.85,41.1,1221.56,1
36.17,30.26,49.47,228.2,0
194.54,53.31,20.59,1235.5,1
49.64,55.97,31.97,657.96,0
30.01,25.92,47.17,210.09,0
15.2,22.7,12.52,1668.58,0
33.54,64.27,37.29,660.1,0
70.63,22.24,38.97,1623.61,0
28.24,58.39,9.0,683.2,0
116.47,41.49,43.76,509.5,0
41.21,54.53,41.59,1951.78,0
94.19,48.08,6.5,819.04,0
177.84,82.66,9.1,1262.55,0
171.15,60.13,7.21,1278.47,0
93.14,28.03,20.06,1186.88,0
31.77,22.2,27.92,1842.19,0
74.0,26.32,28.96,1397.72,1
95.13,57.54,17.05,896.91,1
292.77,90.81,46.02,1745.4,1
15.05,40.37,21.57,484.97,0
74.18,37.53,7.05,1156.84,0
113.85,43.33,18.51,1908.52,1
82.35,56.95,28.9,1306.99,0
88.47,72.07,23.37,1661.39,0
43.15,35.72,17.32,1359.09,0
136.7,48.51,10.91,1702.84,0
78.53,31.15,41.86,1897.3,0
88.26,48.32,49.83,654.91,1
145.74,43.92,19.83,463.87,0
61.52,34.37,22.17,1045.38,0
165.5,49.93,32.81,1448.45,0
27.42,28.9,37.33,570.3,0
91.6,46.94,22.64,157.59,0
41.11,47.41,45.72,784.43,0
33.1,18.88,30.2,1942.39,0
224.03,77.59,25.27,1435.69,1
28.67,43.66,34.1,892.45,0
79.56,36.86,47.88,506.27,0
26.81,19.87,40.75,808.77,0
159.3,76.67,6.8,464.2,0
57.2,63.95,19.95,346.67,0
145.27,47.83,26.17,1827.47,1
111.41,42.48,19.15,1995.65,0
267.19,51.39,36.51,453.61,1
22.3,42.28,42.18,250.87,0
35.93,25.23,37.91,760.0,0
140.45,50.1,49.52,1004.07,0
94.5,64.04,17.26,528.92,0
64.71,49.4,44.37,707.64,0
